,MAE,MSE,RMSE,R² Score
model,0.510154346974619,0.3973354580292596,0.630345506868463,0.6122581859133516
Random Forest,0.6403279209124441,0.624507979831871,0.7902581728978645,0.39057073281950583
Ridge Regression,0.014328746990461045,0.00035372259409274754,0.018807514298618717,0.9996548180195213
Lasso Regression,0.015052348799727465,0.0003819912095723571,0.0195445954056961,0.9996272319482903
